"NewQuestion","MC",""
"ID","MedianMC1-1",""
"Title","MedianMC1-1",""
"QuestionText","What is the median of the following dataset?  Data:  316,  49.8,  415.8,  343.9,  434.7",""
"Points","4",""
"Difficulty","1",""
"Option","0","465.2"
"Option","0","415.7"
"Option","100","343.9"
"Option","0","181.6"
"Hint","Sort the data first.",""
"Feedback","Sort and find the middle number, or take the average of the two middle numbers.",""
"NewQuestion","MC",""
"ID","MedianMC1-2",""
"Title","MedianMC1-2",""
"QuestionText","What is the median of the following dataset?  Data:  912.4,  872.9,  871.8,  790.8,  475.1,  1005.8",""
"Points","4",""
"Difficulty","1",""
"Option","100","872.3"
"Option","0","1016.3"
"Option","0","1196.2"
"Option","0","683.7"
"Hint","Sort the data first.",""
"Feedback","Sort and find the middle number, or take the average of the two middle numbers.",""
"NewQuestion","MC",""
"ID","MedianMC1-3",""
"Title","MedianMC1-3",""
"QuestionText","What is the median of the following dataset?  Data:  1130.6,  698.3,  1001.4,  402.6,  780.9,  614.9",""
"Points","4",""
"Difficulty","1",""
"Option","0","267.1"
"Option","0","1093"
"Option","100","739.6"
"Option","0","788.2"
"Hint","Sort the data first.",""
"Feedback","Sort and find the middle number, or take the average of the two middle numbers.",""
"NewQuestion","MC",""
"ID","MedianMC1-4",""
"Title","MedianMC1-4",""
"QuestionText","What is the median of the following dataset?  Data:  1040.4,  1221,  1143,  896.1,  1280.3",""
"Points","4",""
"Difficulty","1",""
"Option","0","1185.9"
"Option","0","1194.7"
"Option","0","919.9"
"Option","100","1143"
"Hint","Sort the data first.",""
"Feedback","Sort and find the middle number, or take the average of the two middle numbers.",""
"NewQuestion","MC",""
"ID","MedianMC1-5",""
"Title","MedianMC1-5",""
"QuestionText","What is the median of the following dataset?  Data:  976.4,  818.7,  843.2,  583.7,  380.6,  676.8",""
"Points","4",""
"Difficulty","1",""
"Option","0","849.9"
"Option","0","878.9"
"Option","0","1003.6"
"Option","100","747.8"
"Hint","Sort the data first.",""
"Feedback","Sort and find the middle number, or take the average of the two middle numbers.",""
"NewQuestion","MC",""
"ID","MedianMC1-6",""
"Title","MedianMC1-6",""
"QuestionText","What is the median of the following dataset?  Data:  910.2,  1028,  1286.8,  763.4,  1328.2",""
"Points","4",""
"Difficulty","1",""
"Option","0","881.1"
"Option","0","1288.3"
"Option","0","856.8"
"Option","100","1028"
"Hint","Sort the data first.",""
"Feedback","Sort and find the middle number, or take the average of the two middle numbers.",""
"NewQuestion","MC",""
"ID","MedianMC1-7",""
"Title","MedianMC1-7",""
"QuestionText","What is the median of the following dataset?  Data:  800.7,  512.7,  845.4,  236.5,  519.7",""
"Points","4",""
"Difficulty","1",""
"Option","100","519.7"
"Option","0","296.1"
"Option","0","359.3"
"Option","0","743.7"
"Hint","Sort the data first.",""
"Feedback","Sort and find the middle number, or take the average of the two middle numbers.",""
"NewQuestion","MC",""
"ID","MedianMC1-8",""
"Title","MedianMC1-8",""
"QuestionText","What is the median of the following dataset?  Data:  1309,  969.7,  855,  1079,  841.1",""
"Points","4",""
"Difficulty","1",""
"Option","0","1227.8"
"Option","100","969.7"
"Option","0","798.6"
"Option","0","1308.2"
"Hint","Sort the data first.",""
"Feedback","Sort and find the middle number, or take the average of the two middle numbers.",""
"NewQuestion","MC",""
"ID","MedianMC1-9",""
"Title","MedianMC1-9",""
"QuestionText","What is the median of the following dataset?  Data:  304.1,  393.8,  701.9,  572.6,  560.5",""
"Points","4",""
"Difficulty","1",""
"Option","0","757.3"
"Option","0","389.9"
"Option","0","279.5"
"Option","100","560.5"
"Hint","Sort the data first.",""
"Feedback","Sort and find the middle number, or take the average of the two middle numbers.",""
"NewQuestion","MC",""
"ID","MedianMC1-10",""
"Title","MedianMC1-10",""
"QuestionText","What is the median of the following dataset?  Data:  1025.4,  821.1,  1118.9,  1150.6,  768,  862.1",""
"Points","4",""
"Difficulty","1",""
"Option","100","943.8"
"Option","0","1217.4"
"Option","0","760.7"
"Option","0","801.4"
"Hint","Sort the data first.",""
"Feedback","Sort and find the middle number, or take the average of the two middle numbers.",""
"NewQuestion","MC",""
"ID","MedianMC1-11",""
"Title","MedianMC1-11",""
"QuestionText","What is the median of the following dataset?  Data:  913.4,  1145.9,  964.4,  771.5,  861.2",""
"Points","4",""
"Difficulty","1",""
"Option","100","913.4"
"Option","0","649.4"
"Option","0","1159.5"
"Option","0","1041.5"
"Hint","Sort the data first.",""
"Feedback","Sort and find the middle number, or take the average of the two middle numbers.",""
"NewQuestion","MC",""
"ID","MedianMC1-12",""
"Title","MedianMC1-12",""
"QuestionText","What is the median of the following dataset?  Data:  990.7,  1231.9,  615.2,  851.3,  911.9",""
"Points","4",""
"Difficulty","1",""
"Option","0","659.4"
"Option","0","1155"
"Option","100","911.9"
"Option","0","515.5"
"Hint","Sort the data first.",""
"Feedback","Sort and find the middle number, or take the average of the two middle numbers.",""
"NewQuestion","MC",""
"ID","MedianMC1-13",""
"Title","MedianMC1-13",""
"QuestionText","What is the median of the following dataset?  Data:  1011.3,  512.6,  600.1,  897.6,  637.9",""
"Points","4",""
"Difficulty","1",""
"Option","100","637.9"
"Option","0","714.9"
"Option","0","931.7"
"Option","0","767.9"
"Hint","Sort the data first.",""
"Feedback","Sort and find the middle number, or take the average of the two middle numbers.",""
"NewQuestion","MC",""
"ID","MedianMC1-14",""
"Title","MedianMC1-14",""
"QuestionText","What is the median of the following dataset?  Data:  495.9,  619,  628.2,  731.7,  1090.7",""
"Points","4",""
"Difficulty","1",""
"Option","0","934.2"
"Option","100","628.2"
"Option","0","386.4"
"Option","0","566.5"
"Hint","Sort the data first.",""
"Feedback","Sort and find the middle number, or take the average of the two middle numbers.",""
"NewQuestion","MC",""
"ID","MedianMC1-15",""
"Title","MedianMC1-15",""
"QuestionText","What is the median of the following dataset?  Data:  -192.1,  -43.4,  94.5,  -253.7,  186.7,  127.2",""
"Points","4",""
"Difficulty","1",""
"Option","0","356.5"
"Option","100","25.6"
"Option","0","-264.1"
"Option","0","239.8"
"Hint","Sort the data first.",""
"Feedback","Sort and find the middle number, or take the average of the two middle numbers.",""
"NewQuestion","MC",""
"ID","MedianMC1-16",""
"Title","MedianMC1-16",""
"QuestionText","What is the median of the following dataset?  Data:  275.8,  460,  807,  600.5,  285.8",""
"Points","4",""
"Difficulty","1",""
"Option","0","146.6"
"Option","0","736.1"
"Option","0","16.1"
"Option","100","460"
"Hint","Sort the data first.",""
"Feedback","Sort and find the middle number, or take the average of the two middle numbers.",""
"NewQuestion","MC",""
"ID","MedianMC1-17",""
"Title","MedianMC1-17",""
"QuestionText","What is the median of the following dataset?  Data:  1516.7,  933.8,  1243.4,  1388.3,  1145.6,  1194",""
"Points","4",""
"Difficulty","1",""
"Option","100","1218.7"
"Option","0","1524.4"
"Option","0","1327.2"
"Option","0","1355"
"Hint","Sort the data first.",""
"Feedback","Sort and find the middle number, or take the average of the two middle numbers.",""
"NewQuestion","MC",""
"ID","MedianMC1-18",""
"Title","MedianMC1-18",""
"QuestionText","What is the median of the following dataset?  Data:  698,  570.8,  410.4,  630.8,  979.1",""
"Points","4",""
"Difficulty","1",""
"Option","100","630.8"
"Option","0","567.2"
"Option","0","458.9"
"Option","0","843.3"
"Hint","Sort the data first.",""
"Feedback","Sort and find the middle number, or take the average of the two middle numbers.",""
"NewQuestion","MC",""
"ID","MedianMC1-19",""
"Title","MedianMC1-19",""
"QuestionText","What is the median of the following dataset?  Data:  882.5,  1099.9,  1010.5,  1491.1,  1124.2,  854.3",""
"Points","4",""
"Difficulty","1",""
"Option","0","861.7"
"Option","0","785.4"
"Option","100","1055.2"
"Option","0","1220"
"Hint","Sort the data first.",""
"Feedback","Sort and find the middle number, or take the average of the two middle numbers.",""
"NewQuestion","MC",""
"ID","MedianMC1-20",""
"Title","MedianMC1-20",""
"QuestionText","What is the median of the following dataset?  Data:  136.9,  254.3,  241.3,  157.8,  -92.8,  261.4",""
"Points","4",""
"Difficulty","1",""
"Option","0","93.5"
"Option","100","199.6"
"Option","0","-60.2"
"Option","0","69.1"
"Hint","Sort the data first.",""
"Feedback","Sort and find the middle number, or take the average of the two middle numbers.",""
"NewQuestion","MC",""
"ID","MedianMC1-21",""
"Title","MedianMC1-21",""
"QuestionText","What is the median of the following dataset?  Data:  787,  1330.4,  1125,  825.2,  1533.5",""
"Points","4",""
"Difficulty","1",""
"Option","100","1125"
"Option","0","1309.9"
"Option","0","1756.3"
"Option","0","1505.5"
"Hint","Sort the data first.",""
"Feedback","Sort and find the middle number, or take the average of the two middle numbers.",""
"NewQuestion","MC",""
"ID","MedianMC1-22",""
"Title","MedianMC1-22",""
"QuestionText","What is the median of the following dataset?  Data:  -120.7,  351.1,  -3.7,  110.8,  -152.4",""
"Points","4",""
"Difficulty","1",""
"Option","0","-351.5"
"Option","0","60.6"
"Option","0","318.5"
"Option","100","-3.7"
"Hint","Sort the data first.",""
"Feedback","Sort and find the middle number, or take the average of the two middle numbers.",""
"NewQuestion","MC",""
"ID","MedianMC1-23",""
"Title","MedianMC1-23",""
"QuestionText","What is the median of the following dataset?  Data:  1167.4,  775.3,  1024.2,  779.4,  992.9,  1124.6",""
"Points","4",""
"Difficulty","1",""
"Option","0","1138"
"Option","0","1267.2"
"Option","0","986.6"
"Option","100","1008.5"
"Hint","Sort the data first.",""
"Feedback","Sort and find the middle number, or take the average of the two middle numbers.",""
"NewQuestion","MC",""
"ID","MedianMC1-24",""
"Title","MedianMC1-24",""
"QuestionText","What is the median of the following dataset?  Data:  1160.4,  1260.9,  1419.3,  1522.9,  1517.8",""
"Points","4",""
"Difficulty","1",""
"Option","0","1483.6"
"Option","0","1611.1"
"Option","0","1599.4"
"Option","100","1419.3"
"Hint","Sort the data first.",""
"Feedback","Sort and find the middle number, or take the average of the two middle numbers.",""
"NewQuestion","MC",""
"ID","MedianMC1-25",""
"Title","MedianMC1-25",""
"QuestionText","What is the median of the following dataset?  Data:  642.5,  998.8,  1049.1,  1030.4,  1037.9",""
"Points","4",""
"Difficulty","1",""
"Option","0","967.8"
"Option","0","1211.1"
"Option","0","1275.1"
"Option","100","1030.4"
"Hint","Sort the data first.",""
"Feedback","Sort and find the middle number, or take the average of the two middle numbers.",""
"NewQuestion","MC",""
"ID","MedianMC1-26",""
"Title","MedianMC1-26",""
"QuestionText","What is the median of the following dataset?  Data:  897.8,  824.8,  1052.9,  1008.4,  1163.9",""
"Points","4",""
"Difficulty","1",""
"Option","0","966.4"
"Option","100","1008.4"
"Option","0","989.9"
"Option","0","774.4"
"Hint","Sort the data first.",""
"Feedback","Sort and find the middle number, or take the average of the two middle numbers.",""
"NewQuestion","MC",""
"ID","MedianMC1-27",""
"Title","MedianMC1-27",""
"QuestionText","What is the median of the following dataset?  Data:  1234.4,  1003.5,  1429.1,  1085.6,  1394,  1501.7",""
"Points","4",""
"Difficulty","1",""
"Option","0","1558.7"
"Option","0","1012.1"
"Option","0","1207.1"
"Option","100","1314.2"
"Hint","Sort the data first.",""
"Feedback","Sort and find the middle number, or take the average of the two middle numbers.",""
"NewQuestion","MC",""
"ID","MedianMC1-28",""
"Title","MedianMC1-28",""
"QuestionText","What is the median of the following dataset?  Data:  1096.2,  1007.5,  1199,  747.4,  1399.9",""
"Points","4",""
"Difficulty","1",""
"Option","0","786.5"
"Option","0","679"
"Option","100","1096.2"
"Option","0","748.9"
"Hint","Sort the data first.",""
"Feedback","Sort and find the middle number, or take the average of the two middle numbers.",""
"NewQuestion","MC",""
"ID","MedianMC1-29",""
"Title","MedianMC1-29",""
"QuestionText","What is the median of the following dataset?  Data:  298.3,  36.3,  565.6,  654.8,  448.7,  52.3",""
"Points","4",""
"Difficulty","1",""
"Option","0","65"
"Option","100","373.5"
"Option","0","228.7"
"Option","0","31.1"
"Hint","Sort the data first.",""
"Feedback","Sort and find the middle number, or take the average of the two middle numbers.",""
"NewQuestion","MC",""
"ID","MedianMC1-30",""
"Title","MedianMC1-30",""
"QuestionText","What is the median of the following dataset?  Data:  206.3,  207.3,  126.6,  -10.9,  -272.5",""
"Points","4",""
"Difficulty","1",""
"Option","0","17.6"
"Option","0","322.2"
"Option","0","-219.6"
"Option","100","126.6"
"Hint","Sort the data first.",""
"Feedback","Sort and find the middle number, or take the average of the two middle numbers.",""
"NewQuestion","MC",""
"ID","MedianMC1-31",""
"Title","MedianMC1-31",""
"QuestionText","What is the median of the following dataset?  Data:  464.9,  555.4,  168.5,  213.9,  744.9,  572.7",""
"Points","4",""
"Difficulty","1",""
"Option","0","786.3"
"Option","0","189.2"
"Option","0","451.6"
"Option","100","510.1"
"Hint","Sort the data first.",""
"Feedback","Sort and find the middle number, or take the average of the two middle numbers.",""
"NewQuestion","MC",""
"ID","MedianMC1-32",""
"Title","MedianMC1-32",""
"QuestionText","What is the median of the following dataset?  Data:  156.2,  109.3,  33.9,  43.6,  32.9,  120.9",""
"Points","4",""
"Difficulty","1",""
"Option","0","168.7"
"Option","0","45.4"
"Option","0","-28.8"
"Option","100","76.4"
"Hint","Sort the data first.",""
"Feedback","Sort and find the middle number, or take the average of the two middle numbers.",""
"NewQuestion","MC",""
"ID","MedianMC1-33",""
"Title","MedianMC1-33",""
"QuestionText","What is the median of the following dataset?  Data:  -74.4,  115.5,  -57,  117.1,  311.2,  -50.7",""
"Points","4",""
"Difficulty","1",""
"Option","100","32.4"
"Option","0","64.9"
"Option","0","212.1"
"Option","0","175.3"
"Hint","Sort the data first.",""
"Feedback","Sort and find the middle number, or take the average of the two middle numbers.",""
"NewQuestion","MC",""
"ID","MedianMC1-34",""
"Title","MedianMC1-34",""
"QuestionText","What is the median of the following dataset?  Data:  899.5,  881.1,  1042.2,  1005.2,  613,  768.4",""
"Points","4",""
"Difficulty","1",""
"Option","0","1016.9"
"Option","0","641.8"
"Option","100","890.3"
"Option","0","1190.7"
"Hint","Sort the data first.",""
"Feedback","Sort and find the middle number, or take the average of the two middle numbers.",""
"NewQuestion","MC",""
"ID","MedianMC1-35",""
"Title","MedianMC1-35",""
"QuestionText","What is the median of the following dataset?  Data:  214.4,  290,  603.1,  915.2,  463,  867.8",""
"Points","4",""
"Difficulty","1",""
"Option","0","262.5"
"Option","100","533"
"Option","0","634.2"
"Option","0","937.8"
"Hint","Sort the data first.",""
"Feedback","Sort and find the middle number, or take the average of the two middle numbers.",""
"NewQuestion","MC",""
"ID","MedianMC1-36",""
"Title","MedianMC1-36",""
"QuestionText","What is the median of the following dataset?  Data:  877.4,  744.5,  879.8,  1048.4,  904.3",""
"Points","4",""
"Difficulty","1",""
"Option","0","712.5"
"Option","0","855.9"
"Option","100","879.8"
"Option","0","971.4"
"Hint","Sort the data first.",""
"Feedback","Sort and find the middle number, or take the average of the two middle numbers.",""
"NewQuestion","MC",""
"ID","MedianMC1-37",""
"Title","MedianMC1-37",""
"QuestionText","What is the median of the following dataset?  Data:  1542,  1583.7,  1308.5,  1836.2,  1682.3",""
"Points","4",""
"Difficulty","1",""
"Option","100","1583.7"
"Option","0","1380.4"
"Option","0","1403.6"
"Option","0","1920.1"
"Hint","Sort the data first.",""
"Feedback","Sort and find the middle number, or take the average of the two middle numbers.",""
"NewQuestion","MC",""
"ID","MedianMC1-38",""
"Title","MedianMC1-38",""
"QuestionText","What is the median of the following dataset?  Data:  435.6,  624.5,  619.1,  640.7,  625.6,  574.1",""
"Points","4",""
"Difficulty","1",""
"Option","100","621.8"
"Option","0","648.1"
"Option","0","505.3"
"Option","0","497.8"
"Hint","Sort the data first.",""
"Feedback","Sort and find the middle number, or take the average of the two middle numbers.",""
"NewQuestion","MC",""
"ID","MedianMC1-39",""
"Title","MedianMC1-39",""
"QuestionText","What is the median of the following dataset?  Data:  916,  1309.9,  1497,  1457.7,  1381.1,  1054.8",""
"Points","4",""
"Difficulty","1",""
"Option","0","980.2"
"Option","0","1260.5"
"Option","100","1345.5"
"Option","0","1682.3"
"Hint","Sort the data first.",""
"Feedback","Sort and find the middle number, or take the average of the two middle numbers.",""
"NewQuestion","MC",""
"ID","MedianMC1-40",""
"Title","MedianMC1-40",""
"QuestionText","What is the median of the following dataset?  Data:  968.9,  856.8,  1114.4,  860.1,  334.8",""
"Points","4",""
"Difficulty","1",""
"Option","0","811.1"
"Option","0","1090.4"
"Option","100","860.1"
"Option","0","484.6"
"Hint","Sort the data first.",""
"Feedback","Sort and find the middle number, or take the average of the two middle numbers.",""
"NewQuestion","MC",""
"ID","MedianMC1-41",""
"Title","MedianMC1-41",""
"QuestionText","What is the median of the following dataset?  Data:  1389.9,  1308.5,  1378,  1315.7,  1120.7,  1035.7",""
"Points","4",""
"Difficulty","1",""
"Option","0","1239.1"
"Option","0","1460.3"
"Option","0","1568.2"
"Option","100","1312.1"
"Hint","Sort the data first.",""
"Feedback","Sort and find the middle number, or take the average of the two middle numbers.",""
"NewQuestion","MC",""
"ID","MedianMC1-42",""
"Title","MedianMC1-42",""
"QuestionText","What is the median of the following dataset?  Data:  712.7,  942.1,  728.8,  649,  743.4,  809.2",""
"Points","4",""
"Difficulty","1",""
"Option","0","761.6"
"Option","0","543.1"
"Option","100","736.1"
"Option","0","854.7"
"Hint","Sort the data first.",""
"Feedback","Sort and find the middle number, or take the average of the two middle numbers.",""
"NewQuestion","MC",""
"ID","MedianMC1-43",""
"Title","MedianMC1-43",""
"QuestionText","What is the median of the following dataset?  Data:  673.3,  683.3,  668.7,  601.6,  843",""
"Points","4",""
"Difficulty","1",""
"Option","0","690.5"
"Option","0","807.1"
"Option","100","673.3"
"Option","0","692.4"
"Hint","Sort the data first.",""
"Feedback","Sort and find the middle number, or take the average of the two middle numbers.",""
"NewQuestion","MC",""
"ID","MedianMC1-44",""
"Title","MedianMC1-44",""
"QuestionText","What is the median of the following dataset?  Data:  148.7,  270.3,  218.3,  621.8,  273.9,  -81.8",""
"Points","4",""
"Difficulty","1",""
"Option","100","244.3"
"Option","0","-81.1"
"Option","0","368.8"
"Option","0","142.9"
"Hint","Sort the data first.",""
"Feedback","Sort and find the middle number, or take the average of the two middle numbers.",""
"NewQuestion","MC",""
"ID","MedianMC1-45",""
"Title","MedianMC1-45",""
"QuestionText","What is the median of the following dataset?  Data:  1396.1,  1303.2,  1443.3,  1152.2,  1470.8,  808.1",""
"Points","4",""
"Difficulty","1",""
"Option","0","1063.6"
"Option","100","1349.7"
"Option","0","985.9"
"Option","0","1231"
"Hint","Sort the data first.",""
"Feedback","Sort and find the middle number, or take the average of the two middle numbers.",""
"NewQuestion","MC",""
"ID","MedianMC1-46",""
"Title","MedianMC1-46",""
"QuestionText","What is the median of the following dataset?  Data:  1396.1,  1023.6,  968.6,  1037.7,  1021.4,  834.3",""
"Points","4",""
"Difficulty","1",""
"Option","0","728.7"
"Option","100","1022.5"
"Option","0","968.2"
"Option","0","1274.5"
"Hint","Sort the data first.",""
"Feedback","Sort and find the middle number, or take the average of the two middle numbers.",""
"NewQuestion","MC",""
"ID","MedianMC1-47",""
"Title","MedianMC1-47",""
"QuestionText","What is the median of the following dataset?  Data:  826.7,  681.3,  654.1,  691,  592.1,  866.3",""
"Points","4",""
"Difficulty","1",""
"Option","100","686.1"
"Option","0","860.4"
"Option","0","836"
"Option","0","486.1"
"Hint","Sort the data first.",""
"Feedback","Sort and find the middle number, or take the average of the two middle numbers.",""
"NewQuestion","MC",""
"ID","MedianMC1-48",""
"Title","MedianMC1-48",""
"QuestionText","What is the median of the following dataset?  Data:  750.4,  933.4,  546.5,  755.5,  958.5,  912",""
"Points","4",""
"Difficulty","1",""
"Option","0","636.6"
"Option","0","930.4"
"Option","0","1099.9"
"Option","100","833.8"
"Hint","Sort the data first.",""
"Feedback","Sort and find the middle number, or take the average of the two middle numbers.",""
"NewQuestion","MC",""
"ID","MedianMC1-49",""
"Title","MedianMC1-49",""
"QuestionText","What is the median of the following dataset?  Data:  -38.5,  632.1,  176.7,  268.9,  354.9,  334.6",""
"Points","4",""
"Difficulty","1",""
"Option","100","301.8"
"Option","0","347.1"
"Option","0","91.7"
"Option","0","433.3"
"Hint","Sort the data first.",""
"Feedback","Sort and find the middle number, or take the average of the two middle numbers.",""
"NewQuestion","MC",""
"ID","MedianMC1-50",""
"Title","MedianMC1-50",""
"QuestionText","What is the median of the following dataset?  Data:  495.2,  619.4,  668.6,  814.7,  915.2,  556.7",""
"Points","4",""
"Difficulty","1",""
"Option","0","560.6"
"Option","100","644"
"Option","0","484.1"
"Option","0","374.1"
"Hint","Sort the data first.",""
"Feedback","Sort and find the middle number, or take the average of the two middle numbers.",""
"NewQuestion","MC",""
"ID","MedianMC1-51",""
"Title","MedianMC1-51",""
"QuestionText","What is the median of the following dataset?  Data:  1071.4,  755.7,  1298,  1048.3,  1103.6,  1040",""
"Points","4",""
"Difficulty","1",""
"Option","100","1059.8"
"Option","0","1091.4"
"Option","0","1225.3"
"Option","0","1397.4"
"Hint","Sort the data first.",""
"Feedback","Sort and find the middle number, or take the average of the two middle numbers.",""
"NewQuestion","MC",""
"ID","MedianMC1-52",""
"Title","MedianMC1-52",""
"QuestionText","What is the median of the following dataset?  Data:  1280.1,  1332.9,  1274.1,  1193.8,  1209.2",""
"Points","4",""
"Difficulty","1",""
"Option","0","1312.9"
"Option","0","1180.4"
"Option","0","1306.4"
"Option","100","1274.1"
"Hint","Sort the data first.",""
"Feedback","Sort and find the middle number, or take the average of the two middle numbers.",""
"NewQuestion","MC",""
"ID","MedianMC1-53",""
"Title","MedianMC1-53",""
"QuestionText","What is the median of the following dataset?  Data:  287.8,  558.1,  136.8,  277.8,  240.4",""
"Points","4",""
"Difficulty","1",""
"Option","0","243.6"
"Option","0","387.9"
"Option","100","277.8"
"Option","0","171.1"
"Hint","Sort the data first.",""
"Feedback","Sort and find the middle number, or take the average of the two middle numbers.",""
"NewQuestion","MC",""
"ID","MedianMC1-54",""
"Title","MedianMC1-54",""
"QuestionText","What is the median of the following dataset?  Data:  1315.1,  998.5,  1006.2,  1376.6,  742.8,  1167.5",""
"Points","4",""
"Difficulty","1",""
"Option","0","808.9"
"Option","0","1449.2"
"Option","0","726.8"
"Option","100","1086.8"
"Hint","Sort the data first.",""
"Feedback","Sort and find the middle number, or take the average of the two middle numbers.",""
"NewQuestion","MC",""
"ID","MedianMC1-55",""
"Title","MedianMC1-55",""
"QuestionText","What is the median of the following dataset?  Data:  1102.3,  767.6,  1328.3,  1316.5,  1181.9",""
"Points","4",""
"Difficulty","1",""
"Option","0","1096.4"
"Option","0","1014.2"
"Option","0","758"
"Option","100","1181.9"
"Hint","Sort the data first.",""
"Feedback","Sort and find the middle number, or take the average of the two middle numbers.",""
"NewQuestion","MC",""
"ID","MedianMC1-56",""
"Title","MedianMC1-56",""
"QuestionText","What is the median of the following dataset?  Data:  1019.3,  857.8,  625.4,  1171.4,  895",""
"Points","4",""
"Difficulty","1",""
"Option","0","1143.4"
"Option","100","895"
"Option","0","1154.6"
"Option","0","562.4"
"Hint","Sort the data first.",""
"Feedback","Sort and find the middle number, or take the average of the two middle numbers.",""
"NewQuestion","MC",""
"ID","MedianMC1-57",""
"Title","MedianMC1-57",""
"QuestionText","What is the median of the following dataset?  Data:  1077.2,  1457.2,  1807.8,  1786.7,  1537.6",""
"Points","4",""
"Difficulty","1",""
"Option","0","1018.6"
"Option","100","1537.6"
"Option","0","1934.4"
"Option","0","1144.4"
"Hint","Sort the data first.",""
"Feedback","Sort and find the middle number, or take the average of the two middle numbers.",""
"NewQuestion","MC",""
"ID","MedianMC1-58",""
"Title","MedianMC1-58",""
"QuestionText","What is the median of the following dataset?  Data:  594.4,  1000.6,  485,  949.6,  731.8",""
"Points","4",""
"Difficulty","1",""
"Option","100","731.8"
"Option","0","1069.6"
"Option","0","602.5"
"Option","0","617"
"Hint","Sort the data first.",""
"Feedback","Sort and find the middle number, or take the average of the two middle numbers.",""
"NewQuestion","MC",""
"ID","MedianMC1-59",""
"Title","MedianMC1-59",""
"QuestionText","What is the median of the following dataset?  Data:  549.1,  412.6,  487.2,  135.7,  434.7,  513.9",""
"Points","4",""
"Difficulty","1",""
"Option","100","461"
"Option","0","219.7"
"Option","0","610.6"
"Option","0","648.7"
"Hint","Sort the data first.",""
"Feedback","Sort and find the middle number, or take the average of the two middle numbers.",""
"NewQuestion","MC",""
"ID","MedianMC1-60",""
"Title","MedianMC1-60",""
"QuestionText","What is the median of the following dataset?  Data:  1369,  1800.2,  1515.2,  1337.9,  1280.9",""
"Points","4",""
"Difficulty","1",""
"Option","0","1287.3"
"Option","100","1369"
"Option","0","1246.9"
"Option","0","1426"
"Hint","Sort the data first.",""
"Feedback","Sort and find the middle number, or take the average of the two middle numbers.",""
"NewQuestion","MC",""
"ID","MedianMC1-61",""
"Title","MedianMC1-61",""
"QuestionText","What is the median of the following dataset?  Data:  647.3,  585.1,  1515,  867.3,  420.2",""
"Points","4",""
"Difficulty","1",""
"Option","0","-1.7"
"Option","0","1045.8"
"Option","0","400.5"
"Option","100","647.3"
"Hint","Sort the data first.",""
"Feedback","Sort and find the middle number, or take the average of the two middle numbers.",""
"NewQuestion","MC",""
"ID","MedianMC1-62",""
"Title","MedianMC1-62",""
"QuestionText","What is the median of the following dataset?  Data:  1020.7,  996.8,  753.4,  1097.9,  961.8,  1104",""
"Points","4",""
"Difficulty","1",""
"Option","0","1056.8"
"Option","0","913.2"
"Option","100","1008.8"
"Option","0","886.2"
"Hint","Sort the data first.",""
"Feedback","Sort and find the middle number, or take the average of the two middle numbers.",""
"NewQuestion","MC",""
"ID","MedianMC1-63",""
"Title","MedianMC1-63",""
"QuestionText","What is the median of the following dataset?  Data:  511.9,  619.5,  714,  -5.9,  388",""
"Points","4",""
"Difficulty","1",""
"Option","100","511.9"
"Option","0","1054.2"
"Option","0","851.5"
"Option","0","971.6"
"Hint","Sort the data first.",""
"Feedback","Sort and find the middle number, or take the average of the two middle numbers.",""
"NewQuestion","MC",""
"ID","MedianMC1-64",""
"Title","MedianMC1-64",""
"QuestionText","What is the median of the following dataset?  Data:  235.9,  219.2,  359.8,  229.4,  171.7",""
"Points","4",""
"Difficulty","1",""
"Option","0","159.4"
"Option","100","229.4"
"Option","0","149.5"
"Option","0","348.3"
"Hint","Sort the data first.",""
"Feedback","Sort and find the middle number, or take the average of the two middle numbers.",""
"NewQuestion","MC",""
"ID","MedianMC1-65",""
"Title","MedianMC1-65",""
"QuestionText","What is the median of the following dataset?  Data:  408.6,  889,  942.9,  836.6,  839.3",""
"Points","4",""
"Difficulty","1",""
"Option","100","839.3"
"Option","0","1073.5"
"Option","0","1261.1"
"Option","0","456.6"
"Hint","Sort the data first.",""
"Feedback","Sort and find the middle number, or take the average of the two middle numbers.",""
"NewQuestion","MC",""
"ID","MedianMC1-66",""
"Title","MedianMC1-66",""
"QuestionText","What is the median of the following dataset?  Data:  474.5,  233.7,  383,  586.7,  557.9,  289.1",""
"Points","4",""
"Difficulty","1",""
"Option","0","315.7"
"Option","100","428.8"
"Option","0","708.1"
"Option","0","617.9"
"Hint","Sort the data first.",""
"Feedback","Sort and find the middle number, or take the average of the two middle numbers.",""
"NewQuestion","MC",""
"ID","MedianMC1-67",""
"Title","MedianMC1-67",""
"QuestionText","What is the median of the following dataset?  Data:  478.5,  888.7,  1163.8,  699.7,  707.8,  802.6",""
"Points","4",""
"Difficulty","1",""
"Option","0","896.7"
"Option","100","755.2"
"Option","0","398.2"
"Option","0","678.8"
"Hint","Sort the data first.",""
"Feedback","Sort and find the middle number, or take the average of the two middle numbers.",""
"NewQuestion","MC",""
"ID","MedianMC1-68",""
"Title","MedianMC1-68",""
"QuestionText","What is the median of the following dataset?  Data:  424.3,  383.5,  151.5,  400.3,  320.1",""
"Points","4",""
"Difficulty","1",""
"Option","0","524.5"
"Option","100","383.5"
"Option","0","255.4"
"Option","0","561.1"
"Hint","Sort the data first.",""
"Feedback","Sort and find the middle number, or take the average of the two middle numbers.",""
"NewQuestion","MC",""
"ID","MedianMC1-69",""
"Title","MedianMC1-69",""
"QuestionText","What is the median of the following dataset?  Data:  -298.1,  -228.1,  -164.6,  -345.6,  -215.4,  40.4",""
"Points","4",""
"Difficulty","1",""
"Option","100","-221.8"
"Option","0","36.4"
"Option","0","-363.7"
"Option","0","-435.7"
"Hint","Sort the data first.",""
"Feedback","Sort and find the middle number, or take the average of the two middle numbers.",""
"NewQuestion","MC",""
"ID","MedianMC1-70",""
"Title","MedianMC1-70",""
"QuestionText","What is the median of the following dataset?  Data:  350.2,  421.7,  153.8,  91.3,  474.2,  384.2",""
"Points","4",""
"Difficulty","1",""
"Option","0","223.1"
"Option","0","586"
"Option","0","611.7"
"Option","100","367.2"
"Hint","Sort the data first.",""
"Feedback","Sort and find the middle number, or take the average of the two middle numbers.",""
"NewQuestion","MC",""
"ID","MedianMC1-71",""
"Title","MedianMC1-71",""
"QuestionText","What is the median of the following dataset?  Data:  871.6,  319.9,  640.3,  401.3,  761.1,  617",""
"Points","4",""
"Difficulty","1",""
"Option","0","357.7"
"Option","100","628.6"
"Option","0","295.1"
"Option","0","566"
"Hint","Sort the data first.",""
"Feedback","Sort and find the middle number, or take the average of the two middle numbers.",""
"NewQuestion","MC",""
"ID","MedianMC1-72",""
"Title","MedianMC1-72",""
"QuestionText","What is the median of the following dataset?  Data:  1003.2,  1178.5,  707.9,  934.5,  602.8",""
"Points","4",""
"Difficulty","1",""
"Option","100","934.5"
"Option","0","515.1"
"Option","0","1221"
"Option","0","490.2"
"Hint","Sort the data first.",""
"Feedback","Sort and find the middle number, or take the average of the two middle numbers.",""
"NewQuestion","MC",""
"ID","MedianMC1-73",""
"Title","MedianMC1-73",""
"QuestionText","What is the median of the following dataset?  Data:  1190.2,  497,  723.4,  946.9,  485.9",""
"Points","4",""
"Difficulty","1",""
"Option","100","723.4"
"Option","0","870.5"
"Option","0","1024.6"
"Option","0","470.7"
"Hint","Sort the data first.",""
"Feedback","Sort and find the middle number, or take the average of the two middle numbers.",""
"NewQuestion","MC",""
"ID","MedianMC1-74",""
"Title","MedianMC1-74",""
"QuestionText","What is the median of the following dataset?  Data:  655.8,  684,  457.1,  589.4,  148.1,  368.5",""
"Points","4",""
"Difficulty","1",""
"Option","0","753.2"
"Option","100","523.2"
"Option","0","593.4"
"Option","0","777.7"
"Hint","Sort the data first.",""
"Feedback","Sort and find the middle number, or take the average of the two middle numbers.",""
"NewQuestion","MC",""
"ID","MedianMC1-75",""
"Title","MedianMC1-75",""
"QuestionText","What is the median of the following dataset?  Data:  1558.1,  1325,  1470.6,  1293.2,  1201.9",""
"Points","4",""
"Difficulty","1",""
"Option","100","1325"
"Option","0","1512.1"
"Option","0","1349.1"
"Option","0","1589.2"
"Hint","Sort the data first.",""
"Feedback","Sort and find the middle number, or take the average of the two middle numbers.",""
"NewQuestion","MC",""
"ID","MedianMC1-76",""
"Title","MedianMC1-76",""
"QuestionText","What is the median of the following dataset?  Data:  585.7,  683.6,  925,  687.8,  872.5",""
"Points","4",""
"Difficulty","1",""
"Option","0","497.1"
"Option","0","545.5"
"Option","100","687.8"
"Option","0","756.6"
"Hint","Sort the data first.",""
"Feedback","Sort and find the middle number, or take the average of the two middle numbers.",""
"NewQuestion","MC",""
"ID","MedianMC1-77",""
"Title","MedianMC1-77",""
"QuestionText","What is the median of the following dataset?  Data:  645.9,  990.6,  460.6,  222.4,  409.5",""
"Points","4",""
"Difficulty","1",""
"Option","100","460.6"
"Option","0","921.8"
"Option","0","74.2"
"Option","0","574.2"
"Hint","Sort the data first.",""
"Feedback","Sort and find the middle number, or take the average of the two middle numbers.",""
"NewQuestion","MC",""
"ID","MedianMC1-78",""
"Title","MedianMC1-78",""
"QuestionText","What is the median of the following dataset?  Data:  1408.7,  1426.5,  1555.5,  773.3,  1715.9,  1009.5",""
"Points","4",""
"Difficulty","1",""
"Option","0","1472.6"
"Option","100","1417.6"
"Option","0","998.3"
"Option","0","1817"
"Hint","Sort the data first.",""
"Feedback","Sort and find the middle number, or take the average of the two middle numbers.",""
"NewQuestion","MC",""
"ID","MedianMC1-79",""
"Title","MedianMC1-79",""
"QuestionText","What is the median of the following dataset?  Data:  892.4,  759.2,  738.6,  859.8,  966.8,  472.3",""
"Points","4",""
"Difficulty","1",""
"Option","100","809.5"
"Option","0","942.8"
"Option","0","1076.6"
"Option","0","743.9"
"Hint","Sort the data first.",""
"Feedback","Sort and find the middle number, or take the average of the two middle numbers.",""
"NewQuestion","MC",""
"ID","MedianMC1-80",""
"Title","MedianMC1-80",""
"QuestionText","What is the median of the following dataset?  Data:  1182.7,  1100.3,  1200.2,  1285.8,  1621.4",""
"Points","4",""
"Difficulty","1",""
"Option","0","832.9"
"Option","100","1200.2"
"Option","0","1429.8"
"Option","0","1347"
"Hint","Sort the data first.",""
"Feedback","Sort and find the middle number, or take the average of the two middle numbers.",""
"NewQuestion","MC",""
"ID","MedianMC1-81",""
"Title","MedianMC1-81",""
"QuestionText","What is the median of the following dataset?  Data:  957.5,  992.8,  1376.9,  981.9,  1349.7",""
"Points","4",""
"Difficulty","1",""
"Option","0","864.7"
"Option","100","992.8"
"Option","0","1378.3"
"Option","0","963"
"Hint","Sort the data first.",""
"Feedback","Sort and find the middle number, or take the average of the two middle numbers.",""
"NewQuestion","MC",""
"ID","MedianMC1-82",""
"Title","MedianMC1-82",""
"QuestionText","What is the median of the following dataset?  Data:  827.5,  923.2,  1283.7,  953.8,  942.9",""
"Points","4",""
"Difficulty","1",""
"Option","0","716.2"
"Option","0","830.7"
"Option","100","942.9"
"Option","0","1002.6"
"Hint","Sort the data first.",""
"Feedback","Sort and find the middle number, or take the average of the two middle numbers.",""
"NewQuestion","MC",""
"ID","MedianMC1-83",""
"Title","MedianMC1-83",""
"QuestionText","What is the median of the following dataset?  Data:  829.6,  873.2,  664.1,  747.9,  1263,  1055.3",""
"Points","4",""
"Difficulty","1",""
"Option","0","417.6"
"Option","100","851.4"
"Option","0","949.8"
"Option","0","987"
"Hint","Sort the data first.",""
"Feedback","Sort and find the middle number, or take the average of the two middle numbers.",""
"NewQuestion","MC",""
"ID","MedianMC1-84",""
"Title","MedianMC1-84",""
"QuestionText","What is the median of the following dataset?  Data:  1280.9,  1380.7,  1156,  970.3,  1325",""
"Points","4",""
"Difficulty","1",""
"Option","0","1012.6"
"Option","0","1025.6"
"Option","100","1280.9"
"Option","0","1040.3"
"Hint","Sort the data first.",""
"Feedback","Sort and find the middle number, or take the average of the two middle numbers.",""
"NewQuestion","MC",""
"ID","MedianMC1-85",""
"Title","MedianMC1-85",""
"QuestionText","What is the median of the following dataset?  Data:  680.4,  520.6,  922.1,  701.7,  1100.3",""
"Points","4",""
"Difficulty","1",""
"Option","0","734.6"
"Option","100","701.7"
"Option","0","1070.8"
"Option","0","311.1"
"Hint","Sort the data first.",""
"Feedback","Sort and find the middle number, or take the average of the two middle numbers.",""
"NewQuestion","MC",""
"ID","MedianMC1-86",""
"Title","MedianMC1-86",""
"QuestionText","What is the median of the following dataset?  Data:  757.6,  884.7,  956.8,  1025,  560.6",""
"Points","4",""
"Difficulty","1",""
"Option","0","725.6"
"Option","0","1200.5"
"Option","100","884.7"
"Option","0","520.5"
"Hint","Sort the data first.",""
"Feedback","Sort and find the middle number, or take the average of the two middle numbers.",""
"NewQuestion","MC",""
"ID","MedianMC1-87",""
"Title","MedianMC1-87",""
"QuestionText","What is the median of the following dataset?  Data:  607.4,  341.4,  345.8,  580,  493.3",""
"Points","4",""
"Difficulty","1",""
"Option","0","562"
"Option","0","642.2"
"Option","0","461.1"
"Option","100","493.3"
"Hint","Sort the data first.",""
"Feedback","Sort and find the middle number, or take the average of the two middle numbers.",""
"NewQuestion","MC",""
"ID","MedianMC1-88",""
"Title","MedianMC1-88",""
"QuestionText","What is the median of the following dataset?  Data:  502,  626.8,  655.8,  1119.9,  876.9,  855.4",""
"Points","4",""
"Difficulty","1",""
"Option","0","1092.3"
"Option","0","1165.8"
"Option","0","1037.6"
"Option","100","755.6"
"Hint","Sort the data first.",""
"Feedback","Sort and find the middle number, or take the average of the two middle numbers.",""
"NewQuestion","MC",""
"ID","MedianMC1-89",""
"Title","MedianMC1-89",""
"QuestionText","What is the median of the following dataset?  Data:  1334.1,  1156.8,  1243.1,  1847.2,  1495.1,  1229.8",""
"Points","4",""
"Difficulty","1",""
"Option","100","1288.6"
"Option","0","826.7"
"Option","0","1589.6"
"Option","0","1553.5"
"Hint","Sort the data first.",""
"Feedback","Sort and find the middle number, or take the average of the two middle numbers.",""
"NewQuestion","MC",""
"ID","MedianMC1-90",""
"Title","MedianMC1-90",""
"QuestionText","What is the median of the following dataset?  Data:  396.2,  408.9,  327.4,  305.1,  -12.7,  17.3",""
"Points","4",""
"Difficulty","1",""
"Option","0","73"
"Option","100","316.2"
"Option","0","668.1"
"Option","0","533.8"
"Hint","Sort the data first.",""
"Feedback","Sort and find the middle number, or take the average of the two middle numbers.",""
"NewQuestion","MC",""
"ID","MedianMC1-91",""
"Title","MedianMC1-91",""
"QuestionText","What is the median of the following dataset?  Data:  1143.8,  1205.1,  691.8,  1128.2,  1203.9,  1255.4",""
"Points","4",""
"Difficulty","1",""
"Option","0","981.8"
"Option","0","1119"
"Option","100","1173.8"
"Option","0","1051.2"
"Hint","Sort the data first.",""
"Feedback","Sort and find the middle number, or take the average of the two middle numbers.",""
"NewQuestion","MC",""
"ID","MedianMC1-92",""
"Title","MedianMC1-92",""
"QuestionText","What is the median of the following dataset?  Data:  1316.1,  891.6,  1168.9,  905.7,  894,  1109.5",""
"Points","4",""
"Difficulty","1",""
"Option","0","1066.3"
"Option","0","753.8"
"Option","0","762.1"
"Option","100","1007.6"
"Hint","Sort the data first.",""
"Feedback","Sort and find the middle number, or take the average of the two middle numbers.",""
"NewQuestion","MC",""
"ID","MedianMC1-93",""
"Title","MedianMC1-93",""
"QuestionText","What is the median of the following dataset?  Data:  1298.9,  702,  1139.9,  822.6,  1219.7,  1082",""
"Points","4",""
"Difficulty","1",""
"Option","0","1170.3"
"Option","0","1398"
"Option","0","1036.5"
"Option","100","1111"
"Hint","Sort the data first.",""
"Feedback","Sort and find the middle number, or take the average of the two middle numbers.",""
"NewQuestion","MC",""
"ID","MedianMC1-94",""
"Title","MedianMC1-94",""
"QuestionText","What is the median of the following dataset?  Data:  475.6,  645.2,  680.9,  324.5,  776.3,  487.3",""
"Points","4",""
"Difficulty","1",""
"Option","0","511"
"Option","0","498.4"
"Option","100","566.2"
"Option","0","762.2"
"Hint","Sort the data first.",""
"Feedback","Sort and find the middle number, or take the average of the two middle numbers.",""
"NewQuestion","MC",""
"ID","MedianMC1-95",""
"Title","MedianMC1-95",""
"QuestionText","What is the median of the following dataset?  Data:  1739.1,  1130.1,  1398.9,  1440.7,  944,  1181.2",""
"Points","4",""
"Difficulty","1",""
"Option","0","1443.3"
"Option","0","843.7"
"Option","100","1290.1"
"Option","0","821.9"
"Hint","Sort the data first.",""
"Feedback","Sort and find the middle number, or take the average of the two middle numbers.",""
"NewQuestion","MC",""
"ID","MedianMC1-96",""
"Title","MedianMC1-96",""
"QuestionText","What is the median of the following dataset?  Data:  1495.6,  868.6,  1237.4,  1017,  1036.7,  897.9",""
"Points","4",""
"Difficulty","1",""
"Option","0","905.2"
"Option","0","912.5"
"Option","100","1026.8"
"Option","0","704.9"
"Hint","Sort the data first.",""
"Feedback","Sort and find the middle number, or take the average of the two middle numbers.",""
"NewQuestion","MC",""
"ID","MedianMC1-97",""
"Title","MedianMC1-97",""
"QuestionText","What is the median of the following dataset?  Data:  965.3,  883.3,  891.8,  870.2,  1070,  1090.5",""
"Points","4",""
"Difficulty","1",""
"Option","0","820.6"
"Option","0","1121.1"
"Option","100","928.5"
"Option","0","1043.5"
"Hint","Sort the data first.",""
"Feedback","Sort and find the middle number, or take the average of the two middle numbers.",""
"NewQuestion","MC",""
"ID","MedianMC1-98",""
"Title","MedianMC1-98",""
"QuestionText","What is the median of the following dataset?  Data:  459.8,  3.7,  120.6,  470.4,  418.4",""
"Points","4",""
"Difficulty","1",""
"Option","0","245.3"
"Option","100","418.4"
"Option","0","674"
"Option","0","612.1"
"Hint","Sort the data first.",""
"Feedback","Sort and find the middle number, or take the average of the two middle numbers.",""
"NewQuestion","MC",""
"ID","MedianMC1-99",""
"Title","MedianMC1-99",""
"QuestionText","What is the median of the following dataset?  Data:  639.5,  250.3,  281.3,  531.3,  -4.8,  470.5",""
"Points","4",""
"Difficulty","1",""
"Option","100","375.9"
"Option","0","198.4"
"Option","0","632.2"
"Option","0","459.5"
"Hint","Sort the data first.",""
"Feedback","Sort and find the middle number, or take the average of the two middle numbers.",""
"NewQuestion","MC",""
"ID","MedianMC1-100",""
"Title","MedianMC1-100",""
"QuestionText","What is the median of the following dataset?  Data:  1349.7,  1173.5,  824.5,  1060.2,  924.1,  1172.2",""
"Points","4",""
"Difficulty","1",""
"Option","100","1116.2"
"Option","0","853.5"
"Option","0","1473"
"Option","0","963.6"
"Hint","Sort the data first.",""
"Feedback","Sort and find the middle number, or take the average of the two middle numbers.",""
"NewQuestion","MC",""
"ID","MedianMC1-101",""
"Title","MedianMC1-101",""
"QuestionText","What is the median of the following dataset?  Data:  513.4,  550.5,  573.6,  575.8,  899",""
"Points","4",""
"Difficulty","1",""
"Option","0","812.2"
"Option","0","773.5"
"Option","0","886.6"
"Option","100","573.6"
"Hint","Sort the data first.",""
"Feedback","Sort and find the middle number, or take the average of the two middle numbers.",""
"NewQuestion","MC",""
"ID","MedianMC1-102",""
"Title","MedianMC1-102",""
"QuestionText","What is the median of the following dataset?  Data:  1328.9,  569.1,  843.8,  782.9,  1308.2,  1253.6",""
"Points","4",""
"Difficulty","1",""
"Option","0","732.4"
"Option","100","1048.7"
"Option","0","1433.9"
"Option","0","1202.6"
"Hint","Sort the data first.",""
"Feedback","Sort and find the middle number, or take the average of the two middle numbers.",""
"NewQuestion","MC",""
"ID","MedianMC1-103",""
"Title","MedianMC1-103",""
"QuestionText","What is the median of the following dataset?  Data:  683.9,  915.2,  895.9,  641,  883.2,  873.5",""
"Points","4",""
"Difficulty","1",""
"Option","0","991.7"
"Option","100","878.4"
"Option","0","841.2"
"Option","0","907.9"
"Hint","Sort the data first.",""
"Feedback","Sort and find the middle number, or take the average of the two middle numbers.",""
"NewQuestion","MC",""
"ID","MedianMC1-104",""
"Title","MedianMC1-104",""
"QuestionText","What is the median of the following dataset?  Data:  326.3,  380.7,  452.6,  436,  -67.5,  435",""
"Points","4",""
"Difficulty","1",""
"Option","0","697.6"
"Option","100","407.9"
"Option","0","119.5"
"Option","0","480.7"
"Hint","Sort the data first.",""
"Feedback","Sort and find the middle number, or take the average of the two middle numbers.",""
"NewQuestion","MC",""
"ID","MedianMC1-105",""
"Title","MedianMC1-105",""
"QuestionText","What is the median of the following dataset?  Data:  667,  941.3,  577.6,  795.4,  890.3",""
"Points","4",""
"Difficulty","1",""
"Option","0","692.4"
"Option","0","837.5"
"Option","0","886.8"
"Option","100","795.4"
"Hint","Sort the data first.",""
"Feedback","Sort and find the middle number, or take the average of the two middle numbers.",""
"NewQuestion","MC",""
"ID","MedianMC1-106",""
"Title","MedianMC1-106",""
"QuestionText","What is the median of the following dataset?  Data:  823.5,  413.2,  519.1,  655.2,  904.3,  536.2",""
"Points","4",""
"Difficulty","1",""
"Option","0","870.2"
"Option","0","504.4"
"Option","100","595.7"
"Option","0","688.4"
"Hint","Sort the data first.",""
"Feedback","Sort and find the middle number, or take the average of the two middle numbers.",""
"NewQuestion","MC",""
"ID","MedianMC1-107",""
"Title","MedianMC1-107",""
"QuestionText","What is the median of the following dataset?  Data:  682.4,  1336.3,  788.2,  1208.1,  838",""
"Points","4",""
"Difficulty","1",""
"Option","0","373.1"
"Option","0","643.9"
"Option","0","508.2"
"Option","100","838"
"Hint","Sort the data first.",""
"Feedback","Sort and find the middle number, or take the average of the two middle numbers.",""
"NewQuestion","MC",""
"ID","MedianMC1-108",""
"Title","MedianMC1-108",""
"QuestionText","What is the median of the following dataset?  Data:  1368.2,  1446.4,  1147,  730.1,  1374.7,  767.8",""
"Points","4",""
"Difficulty","1",""
"Option","0","1323.1"
"Option","0","1610.5"
"Option","100","1257.6"
"Option","0","1421.6"
"Hint","Sort the data first.",""
"Feedback","Sort and find the middle number, or take the average of the two middle numbers.",""
"NewQuestion","MC",""
"ID","MedianMC1-109",""
"Title","MedianMC1-109",""
"QuestionText","What is the median of the following dataset?  Data:  951.7,  882.4,  944.4,  866.4,  622.5,  943.5",""
"Points","4",""
"Difficulty","1",""
"Option","0","1129.8"
"Option","0","994.9"
"Option","0","663.1"
"Option","100","913"
"Hint","Sort the data first.",""
"Feedback","Sort and find the middle number, or take the average of the two middle numbers.",""
"NewQuestion","MC",""
"ID","MedianMC1-110",""
"Title","MedianMC1-110",""
"QuestionText","What is the median of the following dataset?  Data:  880.6,  552.5,  765.8,  741.1,  660.7",""
"Points","4",""
"Difficulty","1",""
"Option","100","741.1"
"Option","0","532"
"Option","0","975.2"
"Option","0","557.6"
"Hint","Sort the data first.",""
"Feedback","Sort and find the middle number, or take the average of the two middle numbers.",""
"NewQuestion","MC",""
"ID","MedianMC1-111",""
"Title","MedianMC1-111",""
"QuestionText","What is the median of the following dataset?  Data:  189.5,  696.9,  909.6,  493.7,  719",""
"Points","4",""
"Difficulty","1",""
"Option","0","1078"
"Option","0","863.3"
"Option","0","439.1"
"Option","100","696.9"
"Hint","Sort the data first.",""
"Feedback","Sort and find the middle number, or take the average of the two middle numbers.",""
"NewQuestion","MC",""
"ID","MedianMC1-112",""
"Title","MedianMC1-112",""
"QuestionText","What is the median of the following dataset?  Data:  1749.4,  1988.6,  1464.7,  2012.3,  1876.2,  1697.5",""
"Points","4",""
"Difficulty","1",""
"Option","0","1941.3"
"Option","0","1578"
"Option","100","1812.8"
"Option","0","1905.5"
"Hint","Sort the data first.",""
"Feedback","Sort and find the middle number, or take the average of the two middle numbers.",""
"NewQuestion","MC",""
"ID","MedianMC1-113",""
"Title","MedianMC1-113",""
"QuestionText","What is the median of the following dataset?  Data:  1431.2,  1233.4,  1275.6,  1049.3,  859.7,  1189.6",""
"Points","4",""
"Difficulty","1",""
"Option","0","982.3"
"Option","0","818.1"
"Option","100","1211.5"
"Option","0","1358.4"
"Hint","Sort the data first.",""
"Feedback","Sort and find the middle number, or take the average of the two middle numbers.",""
"NewQuestion","MC",""
"ID","MedianMC1-114",""
"Title","MedianMC1-114",""
"QuestionText","What is the median of the following dataset?  Data:  740.5,  1328.9,  1392.1,  1237.4,  1312.5",""
"Points","4",""
"Difficulty","1",""
"Option","0","1112.2"
"Option","0","873.3"
"Option","100","1312.5"
"Option","0","886.8"
"Hint","Sort the data first.",""
"Feedback","Sort and find the middle number, or take the average of the two middle numbers.",""
"NewQuestion","MC",""
"ID","MedianMC1-115",""
"Title","MedianMC1-115",""
"QuestionText","What is the median of the following dataset?  Data:  896.8,  879.7,  808.8,  819.3,  754.2",""
"Points","4",""
"Difficulty","1",""
"Option","0","855.6"
"Option","0","729.9"
"Option","0","771.4"
"Option","100","819.3"
"Hint","Sort the data first.",""
"Feedback","Sort and find the middle number, or take the average of the two middle numbers.",""
"NewQuestion","MC",""
"ID","MedianMC1-116",""
"Title","MedianMC1-116",""
"QuestionText","What is the median of the following dataset?  Data:  22.6,  329,  618.1,  244.7,  271.8,  417.8",""
"Points","4",""
"Difficulty","1",""
"Option","100","300.4"
"Option","0","413.2"
"Option","0","620.5"
"Option","0","398.4"
"Hint","Sort the data first.",""
"Feedback","Sort and find the middle number, or take the average of the two middle numbers.",""
"NewQuestion","MC",""
"ID","MedianMC1-117",""
"Title","MedianMC1-117",""
"QuestionText","What is the median of the following dataset?  Data:  1726.6,  1981.1,  2193.4,  1807.9,  1894.4",""
"Points","4",""
"Difficulty","1",""
"Option","0","1762.9"
"Option","0","1584.1"
"Option","100","1894.4"
"Option","0","2117.9"
"Hint","Sort the data first.",""
"Feedback","Sort and find the middle number, or take the average of the two middle numbers.",""
"NewQuestion","MC",""
"ID","MedianMC1-118",""
"Title","MedianMC1-118",""
"QuestionText","What is the median of the following dataset?  Data:  1476.9,  1497.3,  1436.5,  1404,  1218",""
"Points","4",""
"Difficulty","1",""
"Option","100","1436.5"
"Option","0","1247.6"
"Option","0","1315.8"
"Option","0","1481.8"
"Hint","Sort the data first.",""
"Feedback","Sort and find the middle number, or take the average of the two middle numbers.",""
"NewQuestion","MC",""
"ID","MedianMC1-119",""
"Title","MedianMC1-119",""
"QuestionText","What is the median of the following dataset?  Data:  783.5,  538.3,  956.4,  438.6,  1096.2,  739.7",""
"Points","4",""
"Difficulty","1",""
"Option","0","603.2"
"Option","0","464.5"
"Option","100","761.6"
"Option","0","366.7"
"Hint","Sort the data first.",""
"Feedback","Sort and find the middle number, or take the average of the two middle numbers.",""
"NewQuestion","MC",""
"ID","MedianMC1-120",""
"Title","MedianMC1-120",""
"QuestionText","What is the median of the following dataset?  Data:  -19.6,  -97.5,  185.1,  381.6,  130.8",""
"Points","4",""
"Difficulty","1",""
"Option","0","-235.3"
"Option","100","130.8"
"Option","0","57"
"Option","0","-47.3"
"Hint","Sort the data first.",""
"Feedback","Sort and find the middle number, or take the average of the two middle numbers.",""
"NewQuestion","MC",""
"ID","MedianMC1-121",""
"Title","MedianMC1-121",""
"QuestionText","What is the median of the following dataset?  Data:  771.5,  800.3,  673.5,  663.8,  810.5",""
"Points","4",""
"Difficulty","1",""
"Option","0","820.8"
"Option","0","883"
"Option","100","771.5"
"Option","0","874.3"
"Hint","Sort the data first.",""
"Feedback","Sort and find the middle number, or take the average of the two middle numbers.",""
"NewQuestion","MC",""
"ID","MedianMC1-122",""
"Title","MedianMC1-122",""
"QuestionText","What is the median of the following dataset?  Data:  1766.8,  1466.2,  1393.8,  1548.1,  1892.6,  1752.2",""
"Points","4",""
"Difficulty","1",""
"Option","0","1521"
"Option","100","1650.2"
"Option","0","2026.5"
"Option","0","1760.2"
"Hint","Sort the data first.",""
"Feedback","Sort and find the middle number, or take the average of the two middle numbers.",""
"NewQuestion","MC",""
"ID","MedianMC1-123",""
"Title","MedianMC1-123",""
"QuestionText","What is the median of the following dataset?  Data:  1310,  1070.6,  1220.2,  1057.3,  896.8",""
"Points","4",""
"Difficulty","1",""
"Option","0","1034.5"
"Option","0","839.8"
"Option","0","948.5"
"Option","100","1070.6"
"Hint","Sort the data first.",""
"Feedback","Sort and find the middle number, or take the average of the two middle numbers.",""
"NewQuestion","MC",""
"ID","MedianMC1-124",""
"Title","MedianMC1-124",""
"QuestionText","What is the median of the following dataset?  Data:  639.4,  874.6,  818,  598.4,  486.2",""
"Points","4",""
"Difficulty","1",""
"Option","100","639.4"
"Option","0","741.2"
"Option","0","714.3"
"Option","0","519.9"
"Hint","Sort the data first.",""
"Feedback","Sort and find the middle number, or take the average of the two middle numbers.",""
"NewQuestion","MC",""
"ID","MedianMC1-125",""
"Title","MedianMC1-125",""
"QuestionText","What is the median of the following dataset?  Data:  840.3,  1069.5,  1172.3,  944.9,  741.4,  725.4",""
"Points","4",""
"Difficulty","1",""
"Option","0","716.2"
"Option","0","856.9"
"Option","0","547"
"Option","100","892.6"
"Hint","Sort the data first.",""
"Feedback","Sort and find the middle number, or take the average of the two middle numbers.",""
"NewQuestion","MC",""
"ID","MedianMC1-126",""
"Title","MedianMC1-126",""
"QuestionText","What is the median of the following dataset?  Data:  729.4,  558.1,  863.6,  868.2,  356",""
"Points","4",""
"Difficulty","1",""
"Option","0","307.9"
"Option","0","665.9"
"Option","0","1031"
"Option","100","729.4"
"Hint","Sort the data first.",""
"Feedback","Sort and find the middle number, or take the average of the two middle numbers.",""
"NewQuestion","MC",""
"ID","MedianMC1-127",""
"Title","MedianMC1-127",""
"QuestionText","What is the median of the following dataset?  Data:  822.6,  1008.4,  1179,  1108.1,  750.8,  518.7",""
"Points","4",""
"Difficulty","1",""
"Option","0","452.3"
"Option","0","883.7"
"Option","0","1072.5"
"Option","100","915.5"
"Hint","Sort the data first.",""
"Feedback","Sort and find the middle number, or take the average of the two middle numbers.",""
"NewQuestion","MC",""
"ID","MedianMC1-128",""
"Title","MedianMC1-128",""
"QuestionText","What is the median of the following dataset?  Data:  1444,  857.4,  1187.3,  921.5,  996.2,  1229.3",""
"Points","4",""
"Difficulty","1",""
"Option","0","1469.2"
"Option","0","1338.9"
"Option","100","1091.8"
"Option","0","1009"
"Hint","Sort the data first.",""
"Feedback","Sort and find the middle number, or take the average of the two middle numbers.",""
"NewQuestion","MC",""
"ID","MedianMC1-129",""
"Title","MedianMC1-129",""
"QuestionText","What is the median of the following dataset?  Data:  953,  927.5,  1587.2,  1220.9,  1102.4,  1100",""
"Points","4",""
"Difficulty","1",""
"Option","0","878.3"
"Option","0","1340.6"
"Option","100","1101.2"
"Option","0","1330.5"
"Hint","Sort the data first.",""
"Feedback","Sort and find the middle number, or take the average of the two middle numbers.",""
"NewQuestion","MC",""
"ID","MedianMC1-130",""
"Title","MedianMC1-130",""
"QuestionText","What is the median of the following dataset?  Data:  1019.7,  1197.7,  949.4,  1360.7,  707.6,  1131.3",""
"Points","4",""
"Difficulty","1",""
"Option","0","967.5"
"Option","0","780.9"
"Option","100","1075.5"
"Option","0","1109.9"
"Hint","Sort the data first.",""
"Feedback","Sort and find the middle number, or take the average of the two middle numbers.",""
"NewQuestion","MC",""
"ID","MedianMC1-131",""
"Title","MedianMC1-131",""
"QuestionText","What is the median of the following dataset?  Data:  995.7,  535.4,  1019.6,  1207.6,  707.9,  924.7",""
"Points","4",""
"Difficulty","1",""
"Option","0","1154.4"
"Option","100","960.2"
"Option","0","1138.9"
"Option","0","747"
"Hint","Sort the data first.",""
"Feedback","Sort and find the middle number, or take the average of the two middle numbers.",""
"NewQuestion","MC",""
"ID","MedianMC1-132",""
"Title","MedianMC1-132",""
"QuestionText","What is the median of the following dataset?  Data:  788.5,  757.9,  1146.4,  867.2,  749.4,  930.6",""
"Points","4",""
"Difficulty","1",""
"Option","0","1051.1"
"Option","100","827.9"
"Option","0","532.9"
"Option","0","795.4"
"Hint","Sort the data first.",""
"Feedback","Sort and find the middle number, or take the average of the two middle numbers.",""
"NewQuestion","MC",""
"ID","MedianMC1-133",""
"Title","MedianMC1-133",""
"QuestionText","What is the median of the following dataset?  Data:  1395.2,  1224.4,  1199.8,  1518.9,  894",""
"Points","4",""
"Difficulty","1",""
"Option","0","1557.6"
"Option","100","1224.4"
"Option","0","1047.9"
"Option","0","1649.8"
"Hint","Sort the data first.",""
"Feedback","Sort and find the middle number, or take the average of the two middle numbers.",""
"NewQuestion","MC",""
"ID","MedianMC1-134",""
"Title","MedianMC1-134",""
"QuestionText","What is the median of the following dataset?  Data:  -148,  -261.8,  -68.3,  -329.2,  -108.9",""
"Points","4",""
"Difficulty","1",""
"Option","0","-32"
"Option","0","12.8"
"Option","100","-148"
"Option","0","20.4"
"Hint","Sort the data first.",""
"Feedback","Sort and find the middle number, or take the average of the two middle numbers.",""
"NewQuestion","MC",""
"ID","MedianMC1-135",""
"Title","MedianMC1-135",""
"QuestionText","What is the median of the following dataset?  Data:  101.9,  630.5,  563.4,  603.8,  565.8",""
"Points","4",""
"Difficulty","1",""
"Option","100","565.8"
"Option","0","598"
"Option","0","809.4"
"Option","0","875.2"
"Hint","Sort the data first.",""
"Feedback","Sort and find the middle number, or take the average of the two middle numbers.",""
"NewQuestion","MC",""
"ID","MedianMC1-136",""
"Title","MedianMC1-136",""
"QuestionText","What is the median of the following dataset?  Data:  589.6,  1260.2,  579.2,  789.1,  1114.1,  795.4",""
"Points","4",""
"Difficulty","1",""
"Option","0","1270.7"
"Option","0","1226.4"
"Option","100","792.2"
"Option","0","456"
"Hint","Sort the data first.",""
"Feedback","Sort and find the middle number, or take the average of the two middle numbers.",""
"NewQuestion","MC",""
"ID","MedianMC1-137",""
"Title","MedianMC1-137",""
"QuestionText","What is the median of the following dataset?  Data:  607.4,  461.1,  828.2,  605.5,  793.4,  647.2",""
"Points","4",""
"Difficulty","1",""
"Option","100","627.3"
"Option","0","663.3"
"Option","0","515.7"
"Option","0","798.1"
"Hint","Sort the data first.",""
"Feedback","Sort and find the middle number, or take the average of the two middle numbers.",""
"NewQuestion","MC",""
"ID","MedianMC1-138",""
"Title","MedianMC1-138",""
"QuestionText","What is the median of the following dataset?  Data:  630.6,  39.8,  226.4,  244.7,  453.1,  249",""
"Points","4",""
"Difficulty","1",""
"Option","0","593.6"
"Option","0","106.5"
"Option","0","570.3"
"Option","100","246.8"
"Hint","Sort the data first.",""
"Feedback","Sort and find the middle number, or take the average of the two middle numbers.",""
"NewQuestion","MC",""
"ID","MedianMC1-139",""
"Title","MedianMC1-139",""
"QuestionText","What is the median of the following dataset?  Data:  1060.9,  800.7,  1159.4,  913.8,  1259.4",""
"Points","4",""
"Difficulty","1",""
"Option","0","1171.2"
"Option","0","1169.8"
"Option","0","1382.9"
"Option","100","1060.9"
"Hint","Sort the data first.",""
"Feedback","Sort and find the middle number, or take the average of the two middle numbers.",""
"NewQuestion","MC",""
"ID","MedianMC1-140",""
"Title","MedianMC1-140",""
"QuestionText","What is the median of the following dataset?  Data:  1155.1,  1090.2,  773.4,  850.6,  1093.9",""
"Points","4",""
"Difficulty","1",""
"Option","100","1090.2"
"Option","0","1356.6"
"Option","0","899.8"
"Option","0","1142.5"
"Hint","Sort the data first.",""
"Feedback","Sort and find the middle number, or take the average of the two middle numbers.",""
"NewQuestion","MC",""
"ID","MedianMC1-141",""
"Title","MedianMC1-141",""
"QuestionText","What is the median of the following dataset?  Data:  927.8,  1385,  1300.8,  968.3,  785.6",""
"Points","4",""
"Difficulty","1",""
"Option","100","968.3"
"Option","0","1396.6"
"Option","0","1008.6"
"Option","0","911.9"
"Hint","Sort the data first.",""
"Feedback","Sort and find the middle number, or take the average of the two middle numbers.",""
"NewQuestion","MC",""
"ID","MedianMC1-142",""
"Title","MedianMC1-142",""
"QuestionText","What is the median of the following dataset?  Data:  1058.6,  973.1,  1095,  1252.8,  1205.3",""
"Points","4",""
"Difficulty","1",""
"Option","0","1071.9"
"Option","0","1230.2"
"Option","0","1156.9"
"Option","100","1095"
"Hint","Sort the data first.",""
"Feedback","Sort and find the middle number, or take the average of the two middle numbers.",""
"NewQuestion","MC",""
"ID","MedianMC1-143",""
"Title","MedianMC1-143",""
"QuestionText","What is the median of the following dataset?  Data:  768.6,  413.9,  804.1,  673.3,  770.9",""
"Points","4",""
"Difficulty","1",""
"Option","100","768.6"
"Option","0","917.8"
"Option","0","1003.3"
"Option","0","520.5"
"Hint","Sort the data first.",""
"Feedback","Sort and find the middle number, or take the average of the two middle numbers.",""
"NewQuestion","MC",""
"ID","MedianMC1-144",""
"Title","MedianMC1-144",""
"QuestionText","What is the median of the following dataset?  Data:  978.2,  891.5,  984.4,  1058.2,  1031.6",""
"Points","4",""
"Difficulty","1",""
"Option","0","1060.9"
"Option","0","1102.7"
"Option","100","984.4"
"Option","0","928.8"
"Hint","Sort the data first.",""
"Feedback","Sort and find the middle number, or take the average of the two middle numbers.",""
"NewQuestion","MC",""
"ID","MedianMC1-145",""
"Title","MedianMC1-145",""
"QuestionText","What is the median of the following dataset?  Data:  864.2,  1413.8,  1161.1,  836.9,  1212.6,  1056.2",""
"Points","4",""
"Difficulty","1",""
"Option","0","1051.7"
"Option","100","1108.7"
"Option","0","774.2"
"Option","0","1154.9"
"Hint","Sort the data first.",""
"Feedback","Sort and find the middle number, or take the average of the two middle numbers.",""
"NewQuestion","MC",""
"ID","MedianMC1-146",""
"Title","MedianMC1-146",""
"QuestionText","What is the median of the following dataset?  Data:  917.4,  1192.7,  643.2,  896.8,  813.5,  955.5",""
"Points","4",""
"Difficulty","1",""
"Option","0","1262.5"
"Option","0","932.6"
"Option","100","907.1"
"Option","0","1241.8"
"Hint","Sort the data first.",""
"Feedback","Sort and find the middle number, or take the average of the two middle numbers.",""
"NewQuestion","MC",""
"ID","MedianMC1-147",""
"Title","MedianMC1-147",""
"QuestionText","What is the median of the following dataset?  Data:  1754.3,  1712.3,  1635.1,  1551.3,  1537.3",""
"Points","4",""
"Difficulty","1",""
"Option","0","1457.3"
"Option","100","1635.1"
"Option","0","1554.9"
"Option","0","1574.1"
"Hint","Sort the data first.",""
"Feedback","Sort and find the middle number, or take the average of the two middle numbers.",""
"NewQuestion","MC",""
"ID","MedianMC1-148",""
"Title","MedianMC1-148",""
"QuestionText","What is the median of the following dataset?  Data:  436.5,  797.9,  436.8,  334.8,  360.8,  654.1",""
"Points","4",""
"Difficulty","1",""
"Option","0","299.4"
"Option","100","436.6"
"Option","0","237.8"
"Option","0","224.5"
"Hint","Sort the data first.",""
"Feedback","Sort and find the middle number, or take the average of the two middle numbers.",""
"NewQuestion","MC",""
"ID","MedianMC1-149",""
"Title","MedianMC1-149",""
"QuestionText","What is the median of the following dataset?  Data:  915.2,  1007.1,  701.5,  1019,  807,  1121.7",""
"Points","4",""
"Difficulty","1",""
"Option","100","961.2"
"Option","0","903.7"
"Option","0","1069"
"Option","0","1218.9"
"Hint","Sort the data first.",""
"Feedback","Sort and find the middle number, or take the average of the two middle numbers.",""
"NewQuestion","MC",""
"ID","MedianMC1-150",""
"Title","MedianMC1-150",""
"QuestionText","What is the median of the following dataset?  Data:  885.8,  1520.9,  1306,  1696.6,  1469.8,  1253.5",""
"Points","4",""
"Difficulty","1",""
"Option","0","1164.2"
"Option","100","1387.9"
"Option","0","1710.3"
"Option","0","1145.4"
"Hint","Sort the data first.",""
"Feedback","Sort and find the middle number, or take the average of the two middle numbers.",""
"NewQuestion","MC",""
"ID","MedianMC1-151",""
"Title","MedianMC1-151",""
"QuestionText","What is the median of the following dataset?  Data:  681.8,  764,  1010,  922.1,  1028",""
"Points","4",""
"Difficulty","1",""
"Option","0","728.2"
"Option","0","799"
"Option","100","922.1"
"Option","0","860.4"
"Hint","Sort the data first.",""
"Feedback","Sort and find the middle number, or take the average of the two middle numbers.",""
"NewQuestion","MC",""
"ID","MedianMC1-152",""
"Title","MedianMC1-152",""
"QuestionText","What is the median of the following dataset?  Data:  1210.1,  1221.6,  1122.8,  1218.5,  1421.6,  1216.1",""
"Points","4",""
"Difficulty","1",""
"Option","0","1137"
"Option","0","1126"
"Option","100","1217.3"
"Option","0","1325.4"
"Hint","Sort the data first.",""
"Feedback","Sort and find the middle number, or take the average of the two middle numbers.",""
"NewQuestion","MC",""
"ID","MedianMC1-153",""
"Title","MedianMC1-153",""
"QuestionText","What is the median of the following dataset?  Data:  889.3,  905.2,  811.8,  1015,  1198.9",""
"Points","4",""
"Difficulty","1",""
"Option","0","1135.8"
"Option","100","905.2"
"Option","0","1053.2"
"Option","0","774"
"Hint","Sort the data first.",""
"Feedback","Sort and find the middle number, or take the average of the two middle numbers.",""
"NewQuestion","MC",""
"ID","MedianMC1-154",""
"Title","MedianMC1-154",""
"QuestionText","What is the median of the following dataset?  Data:  944.6,  1071.7,  789.5,  1046.9,  827.8,  692.2",""
"Points","4",""
"Difficulty","1",""
"Option","0","664.9"
"Option","0","642.2"
"Option","0","675.8"
"Option","100","886.2"
"Hint","Sort the data first.",""
"Feedback","Sort and find the middle number, or take the average of the two middle numbers.",""
"NewQuestion","MC",""
"ID","MedianMC1-155",""
"Title","MedianMC1-155",""
"QuestionText","What is the median of the following dataset?  Data:  1354.7,  1231.8,  1448,  1293.2,  1921.3,  1387.2",""
"Points","4",""
"Difficulty","1",""
"Option","100","1371"
"Option","0","1592.4"
"Option","0","1604"
"Option","0","1659.2"
"Hint","Sort the data first.",""
"Feedback","Sort and find the middle number, or take the average of the two middle numbers.",""
"NewQuestion","MC",""
"ID","MedianMC1-156",""
"Title","MedianMC1-156",""
"QuestionText","What is the median of the following dataset?  Data:  1412.1,  1344.6,  1218.9,  1335.5,  1272.3,  1492.9",""
"Points","4",""
"Difficulty","1",""
"Option","0","1438"
"Option","100","1340"
"Option","0","1435.5"
"Option","0","1454.4"
"Hint","Sort the data first.",""
"Feedback","Sort and find the middle number, or take the average of the two middle numbers.",""
"NewQuestion","MC",""
"ID","MedianMC1-157",""
"Title","MedianMC1-157",""
"QuestionText","What is the median of the following dataset?  Data:  1364.4,  1174.9,  971.4,  764.2,  974.4",""
"Points","4",""
"Difficulty","1",""
"Option","0","772.8"
"Option","100","974.4"
"Option","0","1180.2"
"Option","0","543.7"
"Hint","Sort the data first.",""
"Feedback","Sort and find the middle number, or take the average of the two middle numbers.",""
"NewQuestion","MC",""
"ID","MedianMC1-158",""
"Title","MedianMC1-158",""
"QuestionText","What is the median of the following dataset?  Data:  1153.6,  822.6,  847.3,  892.7,  1013.6",""
"Points","4",""
"Difficulty","1",""
"Option","100","892.7"
"Option","0","1051.6"
"Option","0","1156.6"
"Option","0","869.1"
"Hint","Sort the data first.",""
"Feedback","Sort and find the middle number, or take the average of the two middle numbers.",""
"NewQuestion","MC",""
"ID","MedianMC1-159",""
"Title","MedianMC1-159",""
"QuestionText","What is the median of the following dataset?  Data:  630.4,  611.6,  934.4,  777.8,  775.5,  1050",""
"Points","4",""
"Difficulty","1",""
"Option","0","910.9"
"Option","0","540.1"
"Option","0","897.5"
"Option","100","776.6"
"Hint","Sort the data first.",""
"Feedback","Sort and find the middle number, or take the average of the two middle numbers.",""
"NewQuestion","MC",""
"ID","MedianMC1-160",""
"Title","MedianMC1-160",""
"QuestionText","What is the median of the following dataset?  Data:  590.7,  608.7,  621,  878.4,  875.8",""
"Points","4",""
"Difficulty","1",""
"Option","100","621"
"Option","0","472"
"Option","0","430.6"
"Option","0","508.5"
"Hint","Sort the data first.",""
"Feedback","Sort and find the middle number, or take the average of the two middle numbers.",""
"NewQuestion","MC",""
"ID","MedianMC1-161",""
"Title","MedianMC1-161",""
"QuestionText","What is the median of the following dataset?  Data:  304.6,  737.2,  476.1,  816.5,  257.8,  450.4",""
"Points","4",""
"Difficulty","1",""
"Option","100","463.2"
"Option","0","613"
"Option","0","634.6"
"Option","0","417"
"Hint","Sort the data first.",""
"Feedback","Sort and find the middle number, or take the average of the two middle numbers.",""
"NewQuestion","MC",""
"ID","MedianMC1-162",""
"Title","MedianMC1-162",""
"QuestionText","What is the median of the following dataset?  Data:  1126.6,  1369.9,  1554.5,  811.7,  1569.1",""
"Points","4",""
"Difficulty","1",""
"Option","0","978.9"
"Option","100","1369.9"
"Option","0","1019.3"
"Option","0","1843.4"
"Hint","Sort the data first.",""
"Feedback","Sort and find the middle number, or take the average of the two middle numbers.",""
"NewQuestion","MC",""
"ID","MedianMC1-163",""
"Title","MedianMC1-163",""
"QuestionText","What is the median of the following dataset?  Data:  139.6,  200.7,  237.8,  -337.5,  265.2,  333",""
"Points","4",""
"Difficulty","1",""
"Option","0","-217.6"
"Option","100","219.2"
"Option","0","-196.2"
"Option","0","636.8"
"Hint","Sort the data first.",""
"Feedback","Sort and find the middle number, or take the average of the two middle numbers.",""
"NewQuestion","MC",""
"ID","MedianMC1-164",""
"Title","MedianMC1-164",""
"QuestionText","What is the median of the following dataset?  Data:  618,  675.9,  660.7,  710.9,  1115.2,  688.3",""
"Points","4",""
"Difficulty","1",""
"Option","0","394"
"Option","0","444.3"
"Option","0","443"
"Option","100","682.1"
"Hint","Sort the data first.",""
"Feedback","Sort and find the middle number, or take the average of the two middle numbers.",""
"NewQuestion","MC",""
"ID","MedianMC1-165",""
"Title","MedianMC1-165",""
"QuestionText","What is the median of the following dataset?  Data:  917.8,  448,  207.4,  932.1,  562.2,  425.5",""
"Points","4",""
"Difficulty","1",""
"Option","100","505.1"
"Option","0","221.1"
"Option","0","1007.3"
"Option","0","59.3"
"Hint","Sort the data first.",""
"Feedback","Sort and find the middle number, or take the average of the two middle numbers.",""
"NewQuestion","MC",""
"ID","MedianMC1-166",""
"Title","MedianMC1-166",""
"QuestionText","What is the median of the following dataset?  Data:  1139.9,  665.1,  1530.5,  769.9,  1083,  850.1",""
"Points","4",""
"Difficulty","1",""
"Option","0","919.8"
"Option","0","1421.7"
"Option","100","966.5"
"Option","0","1147.8"
"Hint","Sort the data first.",""
"Feedback","Sort and find the middle number, or take the average of the two middle numbers.",""
"NewQuestion","MC",""
"ID","MedianMC1-167",""
"Title","MedianMC1-167",""
"QuestionText","What is the median of the following dataset?  Data:  1076.6,  1499.9,  1327.1,  1057.2,  1256.9,  948.7",""
"Points","4",""
"Difficulty","1",""
"Option","0","1021.1"
"Option","0","906.5"
"Option","0","1555.2"
"Option","100","1166.8"
"Hint","Sort the data first.",""
"Feedback","Sort and find the middle number, or take the average of the two middle numbers.",""
"NewQuestion","MC",""
"ID","MedianMC1-168",""
"Title","MedianMC1-168",""
"QuestionText","What is the median of the following dataset?  Data:  1319.9,  912.5,  892,  976.8,  905.4",""
"Points","4",""
"Difficulty","1",""
"Option","100","912.5"
"Option","0","688.2"
"Option","0","1235.3"
"Option","0","589.7"
"Hint","Sort the data first.",""
"Feedback","Sort and find the middle number, or take the average of the two middle numbers.",""
"NewQuestion","MC",""
"ID","MedianMC1-169",""
"Title","MedianMC1-169",""
"QuestionText","What is the median of the following dataset?  Data:  1785.3,  1990.2,  1832.8,  2097,  1590.2,  1558",""
"Points","4",""
"Difficulty","1",""
"Option","100","1809"
"Option","0","2017.8"
"Option","0","1647"
"Option","0","1877.5"
"Hint","Sort the data first.",""
"Feedback","Sort and find the middle number, or take the average of the two middle numbers.",""
"NewQuestion","MC",""
"ID","MedianMC1-170",""
"Title","MedianMC1-170",""
"QuestionText","What is the median of the following dataset?  Data:  989.9,  469.6,  756.5,  930.7,  592.3",""
"Points","4",""
"Difficulty","1",""
"Option","0","890.5"
"Option","0","1100.4"
"Option","100","756.5"
"Option","0","1115.6"
"Hint","Sort the data first.",""
"Feedback","Sort and find the middle number, or take the average of the two middle numbers.",""
"NewQuestion","MC",""
"ID","MedianMC1-171",""
"Title","MedianMC1-171",""
"QuestionText","What is the median of the following dataset?  Data:  900.9,  1518.3,  1586.9,  1244.5,  1295.2,  1195.8",""
"Points","4",""
"Difficulty","1",""
"Option","0","1229.1"
"Option","0","809.2"
"Option","100","1269.8"
"Option","0","1306.8"
"Hint","Sort the data first.",""
"Feedback","Sort and find the middle number, or take the average of the two middle numbers.",""
"NewQuestion","MC",""
"ID","MedianMC1-172",""
"Title","MedianMC1-172",""
"QuestionText","What is the median of the following dataset?  Data:  415.8,  792.2,  1068.4,  961.9,  478.7,  1051.8",""
"Points","4",""
"Difficulty","1",""
"Option","0","427.8"
"Option","100","877"
"Option","0","923.8"
"Option","0","1155.4"
"Hint","Sort the data first.",""
"Feedback","Sort and find the middle number, or take the average of the two middle numbers.",""
"NewQuestion","MC",""
"ID","MedianMC1-173",""
"Title","MedianMC1-173",""
"QuestionText","What is the median of the following dataset?  Data:  511.4,  714.6,  885.7,  268.7,  836.4,  549.6",""
"Points","4",""
"Difficulty","1",""
"Option","100","632.1"
"Option","0","218.8"
"Option","0","1006.6"
"Option","0","492.5"
"Hint","Sort the data first.",""
"Feedback","Sort and find the middle number, or take the average of the two middle numbers.",""
"NewQuestion","MC",""
"ID","MedianMC1-174",""
"Title","MedianMC1-174",""
"QuestionText","What is the median of the following dataset?  Data:  1437.4,  1111,  1365.4,  1092.6,  1108.6,  1404",""
"Points","4",""
"Difficulty","1",""
"Option","0","1199.7"
"Option","0","1211.8"
"Option","100","1238.2"
"Option","0","1361.5"
"Hint","Sort the data first.",""
"Feedback","Sort and find the middle number, or take the average of the two middle numbers.",""
"NewQuestion","MC",""
"ID","MedianMC1-175",""
"Title","MedianMC1-175",""
"QuestionText","What is the median of the following dataset?  Data:  1142.8,  1260,  1122.6,  1380.1,  1293.5",""
"Points","4",""
"Difficulty","1",""
"Option","0","1383"
"Option","0","1291.4"
"Option","100","1260"
"Option","0","1062.3"
"Hint","Sort the data first.",""
"Feedback","Sort and find the middle number, or take the average of the two middle numbers.",""
"NewQuestion","MC",""
"ID","MedianMC1-176",""
"Title","MedianMC1-176",""
"QuestionText","What is the median of the following dataset?  Data:  723.6,  458,  790.4,  891.6,  811.5",""
"Points","4",""
"Difficulty","1",""
"Option","0","908.4"
"Option","100","790.4"
"Option","0","635"
"Option","0","1081.8"
"Hint","Sort the data first.",""
"Feedback","Sort and find the middle number, or take the average of the two middle numbers.",""
"NewQuestion","MC",""
"ID","MedianMC1-177",""
"Title","MedianMC1-177",""
"QuestionText","What is the median of the following dataset?  Data:  847.5,  452.7,  623.3,  884.4,  674.3",""
"Points","4",""
"Difficulty","1",""
"Option","0","563.6"
"Option","0","696.9"
"Option","0","620.6"
"Option","100","674.3"
"Hint","Sort the data first.",""
"Feedback","Sort and find the middle number, or take the average of the two middle numbers.",""
"NewQuestion","MC",""
"ID","MedianMC1-178",""
"Title","MedianMC1-178",""
"QuestionText","What is the median of the following dataset?  Data:  893.9,  579.2,  970.6,  611.9,  1155.4",""
"Points","4",""
"Difficulty","1",""
"Option","100","893.9"
"Option","0","468.9"
"Option","0","976.7"
"Option","0","623.8"
"Hint","Sort the data first.",""
"Feedback","Sort and find the middle number, or take the average of the two middle numbers.",""
"NewQuestion","MC",""
"ID","MedianMC1-179",""
"Title","MedianMC1-179",""
"QuestionText","What is the median of the following dataset?  Data:  616.8,  737.3,  474.5,  558.9,  573.5,  643.6",""
"Points","4",""
"Difficulty","1",""
"Option","0","478"
"Option","100","595.1"
"Option","0","469.1"
"Option","0","494"
"Hint","Sort the data first.",""
"Feedback","Sort and find the middle number, or take the average of the two middle numbers.",""
"NewQuestion","MC",""
"ID","MedianMC1-180",""
"Title","MedianMC1-180",""
"QuestionText","What is the median of the following dataset?  Data:  814.3,  859,  728.2,  724.5,  793.1",""
"Points","4",""
"Difficulty","1",""
"Option","0","895.9"
"Option","0","885.4"
"Option","0","720.7"
"Option","100","793.1"
"Hint","Sort the data first.",""
"Feedback","Sort and find the middle number, or take the average of the two middle numbers.",""
"NewQuestion","MC",""
"ID","MedianMC1-181",""
"Title","MedianMC1-181",""
"QuestionText","What is the median of the following dataset?  Data:  1045.2,  812.7,  1068.1,  988.5,  1216.6,  1324.3",""
"Points","4",""
"Difficulty","1",""
"Option","0","766.3"
"Option","0","1169.9"
"Option","100","1056.7"
"Option","0","744.8"
"Hint","Sort the data first.",""
"Feedback","Sort and find the middle number, or take the average of the two middle numbers.",""
"NewQuestion","MC",""
"ID","MedianMC1-182",""
"Title","MedianMC1-182",""
"QuestionText","What is the median of the following dataset?  Data:  842.9,  886.6,  134.7,  44.8,  377.6,  321.1",""
"Points","4",""
"Difficulty","1",""
"Option","0","-211.5"
"Option","100","349.4"
"Option","0","396.7"
"Option","0","512.9"
"Hint","Sort the data first.",""
"Feedback","Sort and find the middle number, or take the average of the two middle numbers.",""
"NewQuestion","MC",""
"ID","MedianMC1-183",""
"Title","MedianMC1-183",""
"QuestionText","What is the median of the following dataset?  Data:  1473.4,  1151.9,  1341.1,  1452.2,  1240.4,  1284",""
"Points","4",""
"Difficulty","1",""
"Option","100","1312.6"
"Option","0","1497.9"
"Option","0","1459.3"
"Option","0","1336.2"
"Hint","Sort the data first.",""
"Feedback","Sort and find the middle number, or take the average of the two middle numbers.",""
"NewQuestion","MC",""
"ID","MedianMC1-184",""
"Title","MedianMC1-184",""
"QuestionText","What is the median of the following dataset?  Data:  1764,  1932.4,  1904.5,  1437.3,  1418.3,  1781.5",""
"Points","4",""
"Difficulty","1",""
"Option","0","1674.1"
"Option","100","1772.8"
"Option","0","1527.1"
"Option","0","1370.5"
"Hint","Sort the data first.",""
"Feedback","Sort and find the middle number, or take the average of the two middle numbers.",""
"NewQuestion","MC",""
"ID","MedianMC1-185",""
"Title","MedianMC1-185",""
"QuestionText","What is the median of the following dataset?  Data:  198.6,  252.3,  481.1,  424.4,  484.2,  519.3",""
"Points","4",""
"Difficulty","1",""
"Option","0","403.2"
"Option","0","320.5"
"Option","0","429.3"
"Option","100","452.8"
"Hint","Sort the data first.",""
"Feedback","Sort and find the middle number, or take the average of the two middle numbers.",""
"NewQuestion","MC",""
"ID","MedianMC1-186",""
"Title","MedianMC1-186",""
"QuestionText","What is the median of the following dataset?  Data:  594.3,  630.6,  507.9,  273.1,  422.1,  227.7",""
"Points","4",""
"Difficulty","1",""
"Option","0","657.2"
"Option","0","601.1"
"Option","100","465"
"Option","0","333.2"
"Hint","Sort the data first.",""
"Feedback","Sort and find the middle number, or take the average of the two middle numbers.",""
"NewQuestion","MC",""
"ID","MedianMC1-187",""
"Title","MedianMC1-187",""
"QuestionText","What is the median of the following dataset?  Data:  762.2,  1565.6,  1133.4,  1257.3,  1074.2,  1204.8",""
"Points","4",""
"Difficulty","1",""
"Option","0","1286.2"
"Option","0","811.5"
"Option","100","1169.1"
"Option","0","1339.5"
"Hint","Sort the data first.",""
"Feedback","Sort and find the middle number, or take the average of the two middle numbers.",""
"NewQuestion","MC",""
"ID","MedianMC1-188",""
"Title","MedianMC1-188",""
"QuestionText","What is the median of the following dataset?  Data:  1134,  1484.4,  1015.7,  1506.6,  1444.3",""
"Points","4",""
"Difficulty","1",""
"Option","0","1009"
"Option","100","1444.3"
"Option","0","1473.8"
"Option","0","1257.1"
"Hint","Sort the data first.",""
"Feedback","Sort and find the middle number, or take the average of the two middle numbers.",""
"NewQuestion","MC",""
"ID","MedianMC1-189",""
"Title","MedianMC1-189",""
"QuestionText","What is the median of the following dataset?  Data:  493.6,  926.5,  892,  782.8,  903.5",""
"Points","4",""
"Difficulty","1",""
"Option","0","584.1"
"Option","0","713.6"
"Option","100","892"
"Option","0","1138.4"
"Hint","Sort the data first.",""
"Feedback","Sort and find the middle number, or take the average of the two middle numbers.",""
"NewQuestion","MC",""
"ID","MedianMC1-190",""
"Title","MedianMC1-190",""
"QuestionText","What is the median of the following dataset?  Data:  -51.9,  -173.6,  394,  -140.1,  156.7,  11.1",""
"Points","4",""
"Difficulty","1",""
"Option","0","365.9"
"Option","100","-20.4"
"Option","0","-251.6"
"Option","0","-252.2"
"Hint","Sort the data first.",""
"Feedback","Sort and find the middle number, or take the average of the two middle numbers.",""
"NewQuestion","MC",""
"ID","MedianMC1-191",""
"Title","MedianMC1-191",""
"QuestionText","What is the median of the following dataset?  Data:  815.6,  1208.7,  1014.8,  1078.7,  1287",""
"Points","4",""
"Difficulty","1",""
"Option","0","1439.6"
"Option","0","813.5"
"Option","0","1270"
"Option","100","1078.7"
"Hint","Sort the data first.",""
"Feedback","Sort and find the middle number, or take the average of the two middle numbers.",""
"NewQuestion","MC",""
"ID","MedianMC1-192",""
"Title","MedianMC1-192",""
"QuestionText","What is the median of the following dataset?  Data:  612.1,  620.6,  581.7,  608.6,  690.5,  806.9",""
"Points","4",""
"Difficulty","1",""
"Option","100","616.4"
"Option","0","594"
"Option","0","724.4"
"Option","0","496.5"
"Hint","Sort the data first.",""
"Feedback","Sort and find the middle number, or take the average of the two middle numbers.",""
"NewQuestion","MC",""
"ID","MedianMC1-193",""
"Title","MedianMC1-193",""
"QuestionText","What is the median of the following dataset?  Data:  853,  842.5,  376.7,  450.5,  640.8",""
"Points","4",""
"Difficulty","1",""
"Option","0","421.4"
"Option","0","780.3"
"Option","0","246.8"
"Option","100","640.8"
"Hint","Sort the data first.",""
"Feedback","Sort and find the middle number, or take the average of the two middle numbers.",""
"NewQuestion","MC",""
"ID","MedianMC1-194",""
"Title","MedianMC1-194",""
"QuestionText","What is the median of the following dataset?  Data:  577.5,  990.5,  889.7,  1132.4,  1460.7,  1371.2",""
"Points","4",""
"Difficulty","1",""
"Option","0","662.7"
"Option","0","416.2"
"Option","0","863.4"
"Option","100","1061.4"
"Hint","Sort the data first.",""
"Feedback","Sort and find the middle number, or take the average of the two middle numbers.",""
"NewQuestion","MC",""
"ID","MedianMC1-195",""
"Title","MedianMC1-195",""
"QuestionText","What is the median of the following dataset?  Data:  948.1,  1046.3,  986.4,  1097.1,  1158.5,  799",""
"Points","4",""
"Difficulty","1",""
"Option","0","930"
"Option","0","1140.4"
"Option","100","1016.3"
"Option","0","1051.1"
"Hint","Sort the data first.",""
"Feedback","Sort and find the middle number, or take the average of the two middle numbers.",""
"NewQuestion","MC",""
"ID","MedianMC1-196",""
"Title","MedianMC1-196",""
"QuestionText","What is the median of the following dataset?  Data:  975,  1129.6,  1333.7,  1442.7,  802.7,  944.2",""
"Points","4",""
"Difficulty","1",""
"Option","0","1156"
"Option","0","815.1"
"Option","0","1538.3"
"Option","100","1052.3"
"Hint","Sort the data first.",""
"Feedback","Sort and find the middle number, or take the average of the two middle numbers.",""
"NewQuestion","MC",""
"ID","MedianMC1-197",""
"Title","MedianMC1-197",""
"QuestionText","What is the median of the following dataset?  Data:  1713.4,  1841.7,  1386.4,  1741,  1315.5",""
"Points","4",""
"Difficulty","1",""
"Option","0","1755.7"
"Option","0","1451.8"
"Option","100","1713.4"
"Option","0","1680"
"Hint","Sort the data first.",""
"Feedback","Sort and find the middle number, or take the average of the two middle numbers.",""
"NewQuestion","MC",""
"ID","MedianMC1-198",""
"Title","MedianMC1-198",""
"QuestionText","What is the median of the following dataset?  Data:  644.3,  1032.8,  835.4,  623.9,  768.3,  1006.5",""
"Points","4",""
"Difficulty","1",""
"Option","0","1075.4"
"Option","0","965.1"
"Option","100","801.8"
"Option","0","647.5"
"Hint","Sort the data first.",""
"Feedback","Sort and find the middle number, or take the average of the two middle numbers.",""
"NewQuestion","MC",""
"ID","MedianMC1-199",""
"Title","MedianMC1-199",""
"QuestionText","What is the median of the following dataset?  Data:  1072,  1049.8,  927.4,  1122,  1049.5,  954.7",""
"Points","4",""
"Difficulty","1",""
"Option","0","1126.1"
"Option","100","1049.7"
"Option","0","1068.6"
"Option","0","1008.7"
"Hint","Sort the data first.",""
"Feedback","Sort and find the middle number, or take the average of the two middle numbers.",""
"NewQuestion","MC",""
"ID","MedianMC1-200",""
"Title","MedianMC1-200",""
"QuestionText","What is the median of the following dataset?  Data:  1338.2,  1296.6,  1029.6,  1375.6,  1026.8",""
"Points","4",""
"Difficulty","1",""
"Option","0","1611.7"
"Option","0","1510.6"
"Option","100","1296.6"
"Option","0","1608.4"
"Hint","Sort the data first.",""
"Feedback","Sort and find the middle number, or take the average of the two middle numbers.",""
